event,timestamp,player,game,run_id,run_id_custom,highest_tile,moves_count,time_spent,game_state
event,timestamp,player,game,run_id,run_id_custom,highest_tile,moves_count,time_spent,game_state
event,timestamp,player,game,run_id,run_id_custom,highest_tile,moves_count,time_spent,game_state
event,timestamp,player,game,run_id,run_id_custom,highest_tile,moves_count,time_spent,game_state
event,timestamp,player,game,run_id,run_id_custom,highest_tile,moves_count,time_spent,game_state
event,timestamp,player,game,run_id,run_id_custom,highest_tile,moves_count,time_spent,game_state
event,timestamp,player,game,run_id,run_id_custom,highest_tile,moves_count,time_spent,game_state
event,timestamp,player,game,run_id,run_id_custom,highest_tile,moves_count,time_spent,game_state
event,timestamp,player,game,run_id,run_id_custom,highest_tile,moves_count,time_spent,game_state
event,timestamp,player,game,run_id,run_id_custom,highest_tile,moves_count,time_spent,game_state
event,timestamp,player,game,run_id,run_id_custom,highest_tile,moves_count,time_spent,game_state
event,timestamp,player,game,run_id,run_id_custom,highest_tile,moves_count,time_spent,game_state
event,timestamp,player,game,run_id,run_id_custom,highest_tile,moves_count,time_spent,game_state
event,timestamp,player,game,run_id,run_id_custom,highest_tile,moves_count,time_spent,game_state
event,timestamp,player,game,run_id,run_id_custom,highest_tile,moves_count,time_spent,game_state
event,timestamp,player,game,run_id,run_id_custom,highest_tile,moves_count,time_spent,game_state
event,timestamp,player,game,run_id,run_id_custom,highest_tile,moves_count,time_spent,game_state
event,timestamp,player,game,run_id,run_id_custom,highest_tile,moves_count,time_spent,game_state
event,timestamp,player,game,run_id,run_id_custom,highest_tile,moves_count,time_spent,game_state
event,timestamp,player,game,run_id,run_id_custom,highest_tile,moves_count,time_spent,game_state
event,timestamp,player,game,run_id,run_id_custom,highest_tile,moves_count,time_spent,game_state
event,timestamp,player,game,run_id,run_id_custom,highest_tile,moves_count,time_spent,game_state
event,timestamp,player,game,run_id,run_id_custom,highest_tile,moves_count,time_spent,game_state
event,timestamp,player,game,run_id,run_id_custom,highest_tile,moves_count,time_spent,game_state
event,timestamp,player,game,run_id,run_id_custom,highest_tile,moves_count,time_spent,game_state
event,timestamp,player,game,run_id,run_id_custom,highest_tile,moves_count,time_spent,game_state
event,timestamp,player,game,run_id,run_id_custom,highest_tile,moves_count,time_spent,game_state
event,timestamp,player,game,run_id,run_id_custom,highest_tile,moves_count,time_spent,game_state
event,timestamp,player,game,run_id,run_id_custom,highest_tile,moves_count,time_spent,game_state
event,timestamp,player,game,run_id,run_id_custom,highest_tile,moves_count,time_spent,game_state
event,timestamp,player,game,run_id,run_id_custom,highest_tile,moves_count,time_spent,game_state
event,timestamp,player,game,run_id,run_id_custom,highest_tile,moves_count,time_spent,game_state
event,timestamp,player,game,run_id,run_id_custom,highest_tile,moves_count,time_spent,game_state
event,timestamp,player,game,run_id,run_id_custom,highest_tile,moves_count,time_spent,game_state
event,timestamp,player,game,run_id,run_id_custom,highest_tile,moves_count,time_spent,game_state
event,timestamp,player,game,run_id,run_id_custom,highest_tile,moves_count,time_spent,game_state
event,timestamp,player,game,run_id,run_id_custom,highest_tile,moves_count,time_spent,game_state
event,timestamp,player,game,run_id,run_id_custom,highest_tile,moves_count,time_spent,game_state
event,timestamp,player,game,run_id,run_id_custom,highest_tile,moves_count,time_spent,game_state
event,timestamp,player,game,run_id,run_id_custom,highest_tile,moves_count,time_spent,game_state
event,timestamp,player,game,run_id,run_id_custom,highest_tile,moves_count,time_spent,game_state
event,timestamp,player,game,run_id,run_id_custom,highest_tile,moves_count,time_spent,game_state
event,timestamp,player,game,run_id,run_id_custom,highest_tile,moves_count,time_spent,game_state
event,timestamp,player,game,run_id,run_id_custom,highest_tile,moves_count,time_spent,game_state
event,timestamp,player,game,run_id,run_id_custom,highest_tile,moves_count,time_spent,game_state
event,timestamp,player,game,run_id,run_id_custom,highest_tile,moves_count,time_spent,game_state
event,timestamp,player,game,run_id,run_id_custom,highest_tile,moves_count,time_spent,game_state
event,timestamp,player,game,run_id,run_id_custom,highest_tile,moves_count,time_spent,game_state
event,timestamp,player,game,run_id,run_id_custom,highest_tile,moves_count,time_spent,game_state
event,timestamp,player,game,run_id,run_id_custom,highest_tile,moves_count,time_spent,game_state
event,timestamp,player,game,run_id,run_id_custom,highest_tile,moves_count,time_spent,game_state
event,timestamp,player,game,run_id,run_id_custom,highest_tile,moves_count,time_spent,game_state
event,timestamp,player,game,run_id,run_id_custom,highest_tile,moves_count,time_spent,game_state
event,timestamp,player,game,run_id,run_id_custom,highest_tile,moves_count,time_spent,game_state
event,timestamp,player,game,run_id,run_id_custom,highest_tile,moves_count,time_spent,game_state
event,timestamp,player,game,run_id,run_id_custom,highest_tile,moves_count,time_spent,game_state
event,timestamp,player,game,run_id,run_id_custom,highest_tile,moves_count,time_spent,game_state
event,timestamp,player,game,run_id,run_id_custom,highest_tile,moves_count,time_spent,game_state
event,timestamp,player,game,run_id,run_id_custom,highest_tile,moves_count,time_spent,game_state
event,timestamp,player,game,run_id,run_id_custom,highest_tile,moves_count,time_spent,game_state
event,timestamp,player,game,run_id,run_id_custom,highest_tile,moves_count,time_spent,game_state
event,timestamp,player,game,run_id,run_id_custom,highest_tile,moves_count,time_spent,game_state
event,timestamp,player,game,run_id,run_id_custom,highest_tile,moves_count,time_spent,game_state
event,timestamp,player,game,run_id,run_id_custom,highest_tile,moves_count,time_spent,game_state
event,timestamp,player,game,run_id,run_id_custom,highest_tile,moves_count,time_spent,game_state
event,timestamp,player,game,run_id,run_id_custom,highest_tile,moves_count,time_spent,game_state
event,timestamp,player,game,run_id,run_id_custom,highest_tile,moves_count,time_spent,game_state
event,timestamp,player,game,run_id,run_id_custom,highest_tile,moves_count,time_spent,game_state
event,timestamp,player,game,run_id,run_id_custom,highest_tile,moves_count,time_spent,game_state
event,timestamp,player,game,run_id,run_id_custom,highest_tile,moves_count,time_spent,game_state
event,timestamp,player,game,run_id,run_id_custom,highest_tile,moves_count,time_spent,game_state
event,timestamp,player,game,run_id,run_id_custom,highest_tile,moves_count,time_spent,game_state
event,timestamp,player,game,run_id,run_id_custom,highest_tile,moves_count,time_spent,game_state
event,timestamp,player,game,run_id,run_id_custom,highest_tile,moves_count,time_spent,game_state
event,timestamp,player,game,run_id,run_id_custom,highest_tile,moves_count,time_spent,game_state
event,timestamp,player,game,run_id,run_id_custom,highest_tile,moves_count,time_spent,game_state
event,timestamp,player,game,run_id,run_id_custom,highest_tile,moves_count,time_spent,game_state
event,timestamp,player,game,run_id,run_id_custom,highest_tile,moves_count,time_spent,game_state
event,timestamp,player,game,run_id,run_id_custom,highest_tile,moves_count,time_spent,game_state
event,timestamp,player,game,run_id,run_id_custom,highest_tile,moves_count,time_spent,game_state
event,timestamp,player,game,run_id,run_id_custom,highest_tile,moves_count,time_spent,game_state
event,timestamp,player,game,run_id,run_id_custom,highest_tile,moves_count,time_spent,game_state
event,timestamp,player,game,run_id,run_id_custom,highest_tile,moves_count,time_spent,game_state
event,timestamp,player,game,run_id,run_id_custom,highest_tile,moves_count,time_spent,game_state
event,timestamp,player,game,run_id,run_id_custom,highest_tile,moves_count,time_spent,game_state
event,timestamp,player,game,run_id,run_id_custom,highest_tile,moves_count,time_spent,game_state
event,timestamp,player,game,run_id,run_id_custom,highest_tile,moves_count,time_spent,game_state
event,timestamp,player,game,run_id,run_id_custom,highest_tile,moves_count,time_spent,game_state
event,timestamp,player,game,run_id,run_id_custom,highest_tile,moves_count,time_spent,game_state
event,timestamp,player,game,run_id,run_id_custom,highest_tile,moves_count,time_spent,game_state
event,timestamp,player,game,run_id,run_id_custom,highest_tile,moves_count,time_spent,game_state
event,timestamp,player,game,run_id,run_id_custom,highest_tile,moves_count,time_spent,game_state
event,timestamp,player,game,run_id,run_id_custom,highest_tile,moves_count,time_spent,game_state
event,timestamp,player,game,run_id,run_id_custom,highest_tile,moves_count,time_spent,game_state
event,timestamp,player,game,run_id,run_id_custom,highest_tile,moves_count,time_spent,game_state
event,timestamp,player,game,run_id,run_id_custom,highest_tile,moves_count,time_spent,game_state
event,timestamp,player,game,run_id,run_id_custom,highest_tile,moves_count,time_spent,game_state
event,timestamp,player,game,run_id,run_id_custom,highest_tile,moves_count,time_spent,game_state
event,timestamp,player,game,run_id,run_id_custom,highest_tile,moves_count,time_spent,game_state
event,timestamp,player,game,run_id,run_id_custom,highest_tile,moves_count,time_spent,game_state
event,timestamp,player,game,run_id,run_id_custom,highest_tile,moves_count,time_spent,game_state
event,timestamp,player,game,run_id,run_id_custom,highest_tile,moves_count,time_spent,game_state
event,timestamp,player,game,run_id,run_id_custom,highest_tile,moves_count,time_spent,game_state
event,timestamp,player,game,run_id,run_id_custom,highest_tile,moves_count,time_spent,game_state
event,timestamp,player,game,run_id,run_id_custom,highest_tile,moves_count,time_spent,game_state
event,timestamp,player,game,run_id,run_id_custom,highest_tile,moves_count,time_spent,game_state
event,timestamp,player,game,run_id,run_id_custom,highest_tile,moves_count,time_spent,game_state
event,timestamp,player,game,run_id,run_id_custom,highest_tile,moves_count,time_spent,game_state
event,timestamp,player,game,run_id,run_id_custom,highest_tile,moves_count,time_spent,game_state
event,timestamp,player,game,run_id,run_id_custom,highest_tile,moves_count,time_spent,game_state
event,timestamp,player,game,run_id,run_id_custom,highest_tile,moves_count,time_spent,game_state
event,timestamp,player,game,run_id,run_id_custom,highest_tile,moves_count,time_spent,game_state
event,timestamp,player,game,run_id,run_id_custom,highest_tile,moves_count,time_spent,game_state
event,timestamp,player,game,run_id,run_id_custom,highest_tile,moves_count,time_spent,game_state
event,timestamp,player,game,run_id,run_id_custom,highest_tile,moves_count,time_spent,game_state
event,timestamp,player,game,run_id,run_id_custom,highest_tile,moves_count,time_spent,game_state
event,timestamp,player,game,run_id,run_id_custom,highest_tile,moves_count,time_spent,game_state
event,timestamp,player,game,run_id,run_id_custom,highest_tile,moves_count,time_spent,game_state
event,timestamp,player,game,run_id,run_id_custom,highest_tile,moves_count,time_spent,game_state
event,timestamp,player,game,run_id,run_id_custom,highest_tile,moves_count,time_spent,game_state
event,timestamp,player,game,run_id,run_id_custom,highest_tile,moves_count,time_spent,game_state
event,timestamp,player,game,run_id,run_id_custom,highest_tile,moves_count,time_spent,game_state
event,timestamp,player,game,run_id,run_id_custom,highest_tile,moves_count,time_spent,game_state
event,timestamp,player,game,run_id,run_id_custom,highest_tile,moves_count,time_spent,game_state
event,timestamp,player,game,run_id,run_id_custom,highest_tile,moves_count,time_spent,game_state
event,timestamp,player,game,run_id,run_id_custom,highest_tile,moves_count,time_spent,game_state
event,timestamp,player,game,run_id,run_id_custom,highest_tile,moves_count,time_spent,game_state
event,timestamp,player,game,run_id,run_id_custom,highest_tile,moves_count,time_spent,game_state
event,timestamp,player,game,run_id,run_id_custom,highest_tile,moves_count,time_spent,game_state
event,timestamp,player,game,run_id,run_id_custom,highest_tile,moves_count,time_spent,game_state
event,timestamp,player,game,run_id,run_id_custom,highest_tile,moves_count,time_spent,game_state
event,timestamp,player,game,run_id,run_id_custom,highest_tile,moves_count,time_spent,game_state
event,timestamp,player,game,run_id,run_id_custom,highest_tile,moves_count,time_spent,game_state
event,timestamp,player,game,run_id,run_id_custom,highest_tile,moves_count,time_spent,game_state
event,timestamp,player,game,run_id,run_id_custom,highest_tile,moves_count,time_spent,game_state
event,timestamp,player,game,run_id,run_id_custom,highest_tile,moves_count,time_spent,game_state
event,timestamp,player,game,run_id,run_id_custom,highest_tile,moves_count,time_spent,game_state
event,timestamp,player,game,run_id,run_id_custom,highest_tile,moves_count,time_spent,game_state
event,timestamp,player,game,run_id,run_id_custom,highest_tile,moves_count,time_spent,game_state
event,timestamp,player,game,run_id,run_id_custom,highest_tile,moves_count,time_spent,game_state
event,timestamp,player,game,run_id,run_id_custom,highest_tile,moves_count,time_spent,game_state
event,timestamp,player,game,run_id,run_id_custom,highest_tile,moves_count,time_spent,game_state
event,timestamp,player,game,run_id,run_id_custom,highest_tile,moves_count,time_spent,game_state
event,timestamp,player,game,run_id,run_id_custom,highest_tile,moves_count,time_spent,game_state
event,timestamp,player,game,run_id,run_id_custom,highest_tile,moves_count,time_spent,game_state
event,timestamp,player,game,run_id,run_id_custom,highest_tile,moves_count,time_spent,game_state
event,timestamp,player,game,run_id,run_id_custom,highest_tile,moves_count,time_spent,game_state
event,timestamp,player,game,run_id,run_id_custom,highest_tile,moves_count,time_spent,game_state
event,timestamp,player,game,run_id,run_id_custom,highest_tile,moves_count,time_spent,game_state
event,timestamp,player,game,run_id,run_id_custom,highest_tile,moves_count,time_spent,game_state
event,timestamp,player,game,run_id,run_id_custom,highest_tile,moves_count,time_spent,game_state
event,timestamp,player,game,run_id,run_id_custom,highest_tile,moves_count,time_spent,game_state
event,timestamp,player,game,run_id,run_id_custom,highest_tile,moves_count,time_spent,game_state
event,timestamp,player,game,run_id,run_id_custom,highest_tile,moves_count,time_spent,game_state
event,timestamp,player,game,run_id,run_id_custom,highest_tile,moves_count,time_spent,game_state
event,timestamp,player,game,run_id,run_id_custom,highest_tile,moves_count,time_spent,game_state
event,timestamp,player,game,run_id,run_id_custom,highest_tile,moves_count,time_spent,game_state
event,timestamp,player,game,run_id,run_id_custom,highest_tile,moves_count,time_spent,game_state
event,timestamp,player,game,run_id,run_id_custom,highest_tile,moves_count,time_spent,game_state
event,timestamp,player,game,run_id,run_id_custom,highest_tile,moves_count,time_spent,game_state
event,timestamp,player,game,run_id,run_id_custom,highest_tile,moves_count,time_spent,game_state
event,timestamp,player,game,run_id,run_id_custom,highest_tile,moves_count,time_spent,game_state
event,timestamp,player,game,run_id,run_id_custom,highest_tile,moves_count,time_spent,game_state
event,timestamp,player,game,run_id,highest_tile,moves_count,time_spent,game_state
event,timestamp,player,game,run_id,highest_tile,moves_count,time_spent,game_state
event,timestamp,player,game,run_id,highest_tile,moves_count,time_spent,game_state
event,timestamp,player,game,run_id,highest_tile,moves_count,time_spent,game_state
event,timestamp,player,game,run_id,highest_tile,moves_count,time_spent,game_state
event,timestamp,player,game,run_id,highest_tile,moves_count,time_spent,game_state
event,timestamp,player,game,run_id,highest_tile,moves_count,time_spent,game_state
event,timestamp,player,game,run_id,highest_tile,moves_count,time_spent,game_state
event,timestamp,player,game,run_id,highest_tile,moves_count,time_spent,game_state
event,timestamp,player,game,run_id,highest_tile,moves_count,time_spent,game_state
event,timestamp,player,game,run_id,highest_tile,moves_count,time_spent,game_state
event,timestamp,player,game,run_id,highest_tile,moves_count,time_spent,game_state
event,timestamp,player,game,run_id,highest_tile,moves_count,time_spent,game_state
event,timestamp,player,game,run_id,highest_tile,moves_count,time_spent,game_state
event,timestamp,player,game,run_id,highest_tile,moves_count,time_spent,game_state
event,timestamp,player,game,run_id,highest_tile,moves_count,time_spent,game_state
event,timestamp,player,game,run_id,highest_tile,moves_count,time_spent,game_state
event,timestamp,player,game,run_id,highest_tile,moves_count,time_spent,game_state
event,timestamp,player,game,run_id,highest_tile,moves_count,time_spent,game_state
event,timestamp,player,game,run_id,highest_tile,moves_count,time_spent,game_state
event,timestamp,player,game,run_id,highest_tile,moves_count,time_spent,game_state
event,timestamp,player,game,run_id,highest_tile,moves_count,time_spent,game_state
event,timestamp,player,game,run_id,highest_tile,moves_count,time_spent,game_state
event,timestamp,player,game,run_id,highest_tile,moves_count,time_spent,game_state
event,timestamp,player,game,run_id,highest_tile,moves_count,time_spent,game_state
event,timestamp,player,game,run_id,highest_tile,moves_count,time_spent,game_state
event,timestamp,player,game,run_id,highest_tile,moves_count,time_spent,game_state
event,timestamp,player,game,run_id,highest_tile,moves_count,time_spent,game_state
event,timestamp,player,game,run_id,highest_tile,moves_count,time_spent,game_state
event,timestamp,player,game,run_id,highest_tile,moves_count,time_spent,game_state
event,timestamp,player,game,run_id,highest_tile,moves_count,time_spent,game_state
event,timestamp,player,game,run_id,highest_tile,moves_count,time_spent,game_state
event,timestamp,player,game,run_id,highest_tile,moves_count,time_spent,game_state
event,timestamp,player,game,run_id,highest_tile,moves_count,time_spent,game_state
event,timestamp,player,game,run_id,highest_tile,moves_count,time_spent,game_state
event,timestamp,player,game,run_id,highest_tile,moves_count,time_spent,game_state
event,timestamp,player,game,run_id,highest_tile,moves_count,time_spent,game_state
event,timestamp,player,game,run_id,highest_tile,moves_count,time_spent,game_state
event,timestamp,player,game,run_id,highest_tile,moves_count,time_spent,game_state
event,timestamp,player,game,run_id,highest_tile,moves_count,time_spent,game_state
event,timestamp,player,game,run_id,highest_tile,moves_count,time_spent,game_state
event,timestamp,player,game,run_id,highest_tile,moves_count,time_spent,game_state
event,timestamp,player,game,run_id,highest_tile,moves_count,time_spent,game_state
event,timestamp,player,game,run_id,highest_tile,moves_count,time_spent,game_state
event,timestamp,player,game,run_id,highest_tile,moves_count,time_spent,game_state
event,timestamp,player,game,run_id,highest_tile,moves_count,time_spent,game_state
event,timestamp,player,game,run_id,highest_tile,moves_count,time_spent,game_state
event,timestamp,player,game,run_id,highest_tile,moves_count,time_spent,game_state
event,timestamp,player,game,run_id,highest_tile,moves_count,time_spent,game_state
event,timestamp,player,game,run_id,highest_tile,moves_count,time_spent,game_state
event,timestamp,player,game,run_id,highest_tile,moves_count,time_spent,game_state
event,timestamp,player,game,run_id,highest_tile,moves_count,time_spent,game_state
event,timestamp,player,game,run_id,highest_tile,moves_count,time_spent,game_state
event,timestamp,player,game,run_id,highest_tile,moves_count,time_spent,game_state
event,timestamp,player,game,run_id,highest_tile,moves_count,time_spent,game_state
event,timestamp,player,game,run_id,highest_tile,moves_count,time_spent,game_state
event,timestamp,player,game,run_id,highest_tile,moves_count,time_spent,game_state
event,timestamp,player,game,run_id,highest_tile,moves_count,time_spent,game_state
event,timestamp,player,game,run_id,highest_tile,moves_count,time_spent,game_state
event,timestamp,player,game,run_id,highest_tile,moves_count,time_spent,game_state
event,timestamp,player,game,run_id,highest_tile,moves_count,time_spent,game_state
event,timestamp,player,game,run_id,highest_tile,moves_count,time_spent,game_state
event,timestamp,player,game,run_id,highest_tile,moves_count,time_spent,game_state
event,timestamp,player,game,run_id,highest_tile,moves_count,time_spent,game_state
event,timestamp,player,game,run_id,highest_tile,moves_count,time_spent,game_state
event,timestamp,player,game,run_id,highest_tile,moves_count,time_spent,game_state
event,timestamp,player,game,run_id,highest_tile,moves_count,time_spent,game_state
event,timestamp,player,game,run_id,highest_tile,moves_count,time_spent,game_state
event,timestamp,player,game,run_id,highest_tile,moves_count,time_spent,game_state
event,timestamp,player,game,run_id,highest_tile,moves_count,time_spent,game_state
event,timestamp,player,game,run_id,highest_tile,moves_count,time_spent,game_state
event,timestamp,player,game,run_id,highest_tile,moves_count,time_spent,game_state
event,timestamp,player,game,run_id,highest_tile,moves_count,time_spent,game_state
event,timestamp,player,game,run_id,highest_tile,moves_count,time_spent,game_state
event,timestamp,player,game,run_id,highest_tile,moves_count,time_spent,game_state
event,timestamp,player,game,run_id,highest_tile,moves_count,time_spent,game_state
event,timestamp,player,game,run_id,highest_tile,moves_count,time_spent,game_state
event,timestamp,player,game,run_id,highest_tile,moves_count,time_spent,game_state
event,timestamp,player,game,run_id,highest_tile,moves_count,time_spent,game_state
event,timestamp,player,game,run_id,highest_tile,moves_count,time_spent,game_state
event,timestamp,player,game,run_id,highest_tile,moves_count,time_spent,game_state
event,timestamp,player,game,run_id,highest_tile,moves_count,time_spent,game_state
event,timestamp,player,game,run_id,highest_tile,moves_count,time_spent,game_state
event,timestamp,player,game,run_id,highest_tile,moves_count,time_spent,game_state
event,timestamp,player,game,run_id,highest_tile,moves_count,time_spent,game_state
event,timestamp,player,game,run_id,highest_tile,moves_count,time_spent,game_state
event,timestamp,player,game,run_id,highest_tile,moves_count,time_spent,game_state
event,timestamp,player,game,run_id,highest_tile,moves_count,time_spent,game_state
event,timestamp,player,game,run_id,highest_tile,moves_count,time_spent,game_state
event,timestamp,player,game,run_id,highest_tile,moves_count,time_spent,game_state
event,timestamp,player,game,run_id,highest_tile,moves_count,time_spent,game_state
event,timestamp,player,game,run_id,highest_tile,moves_count,time_spent,game_state
event,timestamp,player,game,run_id,highest_tile,moves_count,time_spent,game_state
event,timestamp,player,game,run_id,highest_tile,moves_count,time_spent,game_state
event,timestamp,player,game,run_id,highest_tile,moves_count,time_spent,game_state
event,timestamp,player,game,run_id,highest_tile,moves_count,time_spent,game_state
event,timestamp,player,game,run_id,highest_tile,moves_count,time_spent,game_state
event,timestamp,player,game,run_id,highest_tile,moves_count,time_spent,game_state
event,timestamp,player,game,run_id,highest_tile,moves_count,time_spent,game_state
event,timestamp,player,game,run_id,highest_tile,moves_count,time_spent,game_state
event,timestamp,player,game,run_id,highest_tile,moves_count,time_spent,game_state
event,timestamp,player,game,run_id,highest_tile,moves_count,time_spent,game_state
event,timestamp,player,game,run_id,highest_tile,moves_count,time_spent,game_state
event,timestamp,player,game,run_id,highest_tile,moves_count,time_spent,game_state
event,timestamp,player,game,run_id,highest_tile,moves_count,time_spent,game_state
event,timestamp,player,game,run_id,highest_tile,moves_count,time_spent,game_state
event,timestamp,player,game,run_id,highest_tile,moves_count,time_spent,game_state
event,timestamp,player,game,run_id,highest_tile,moves_count,time_spent,game_state
event,timestamp,player,game,run_id,highest_tile,moves_count,time_spent,game_state
event,timestamp,player,game,run_id,highest_tile,moves_count,time_spent,game_state
event,timestamp,player,game,run_id,highest_tile,moves_count,time_spent,game_state
event,timestamp,player,game,run_id,highest_tile,moves_count,time_spent,game_state
event,timestamp,player,game,run_id,highest_tile,moves_count,time_spent,game_state
event,timestamp,player,game,run_id,highest_tile,moves_count,time_spent,game_state
event,timestamp,player,game,run_id,highest_tile,moves_count,time_spent,game_state
event,timestamp,player,game,run_id,highest_tile,moves_count,time_spent,game_state
event,timestamp,player,game,run_id,highest_tile,moves_count,time_spent,game_state
event,timestamp,player,game,run_id,highest_tile,moves_count,time_spent,game_state
event,timestamp,player,game,run_id,highest_tile,moves_count,time_spent,game_state
event,timestamp,player,game,run_id,highest_tile,moves_count,time_spent,game_state
event,timestamp,player,game,run_id,highest_tile,moves_count,time_spent,game_state
event,timestamp,player,game,run_id,highest_tile,moves_count,time_spent,game_state
event,timestamp,player,game,run_id,highest_tile,moves_count,time_spent,game_state
event,timestamp,player,game,run_id,highest_tile,moves_count,time_spent,game_state
event,timestamp,player,game,run_id,highest_tile,moves_count,time_spent,game_state
event,timestamp,player,game,run_id,highest_tile,moves_count,time_spent,game_state
event,timestamp,player,game,run_id,highest_tile,moves_count,time_spent,game_state
event,timestamp,player,game,run_id,highest_tile,moves_count,time_spent,game_state
event,timestamp,player,game,run_id,highest_tile,moves_count,time_spent,game_state
event,timestamp,player,game,run_id,highest_tile,moves_count,time_spent,game_state
event,timestamp,player,game,run_id,highest_tile,moves_count,time_spent,game_state
event,timestamp,player,game,run_id,highest_tile,moves_count,time_spent,game_state
event,timestamp,player,game,run_id,highest_tile,moves_count,time_spent,game_state
event,timestamp,player,game,run_id,highest_tile,moves_count,time_spent,game_state
event,timestamp,player,game,run_id,highest_tile,moves_count,time_spent,game_state
event,timestamp,player,game,run_id,highest_tile,moves_count,time_spent,game_state
event,timestamp,player,game,run_id,highest_tile,moves_count,time_spent,game_state
event,timestamp,player,game,run_id,highest_tile,moves_count,time_spent,game_state
event,timestamp,player,game,run_id,highest_tile,moves_count,time_spent,game_state
event,timestamp,player,game,run_id,highest_tile,moves_count,time_spent,game_state
event,timestamp,player,game,run_id,highest_tile,moves_count,time_spent,game_state
event,timestamp,player,game,run_id,highest_tile,moves_count,time_spent,game_state
event,timestamp,player,game,run_id,highest_tile,moves_count,time_spent,game_state
event,timestamp,player,game,run_id,highest_tile,moves_count,time_spent,game_state
event,timestamp,player,game,run_id,highest_tile,moves_count,time_spent,game_state
event,timestamp,player,game,run_id,highest_tile,moves_count,time_spent,game_state
event,timestamp,player,game,run_id,highest_tile,moves_count,time_spent,game_state
event,timestamp,player,game,run_id,highest_tile,moves_count,time_spent,game_state
event,timestamp,player,game,run_id,highest_tile,moves_count,time_spent,game_state
event,timestamp,player,game,run_id,highest_tile,moves_count,time_spent,game_state
event,timestamp,player,game,run_id,highest_tile,moves_count,time_spent,game_state
event,timestamp,player,game,run_id,highest_tile,moves_count,time_spent,game_state
event,timestamp,player,game,run_id,highest_tile,moves_count,time_spent,game_state
event,timestamp,player,game,run_id,highest_tile,moves_count,time_spent,game_state
event,timestamp,player,game,run_id,highest_tile,moves_count,time_spent,game_state
event,timestamp,player,game,run_id,highest_tile,moves_count,time_spent,game_state
event,timestamp,player,game,run_id,highest_tile,moves_count,time_spent,game_state
event,timestamp,player,game,run_id,highest_tile,moves_count,time_spent,game_state
event,timestamp,player,game,run_id,highest_tile,moves_count,time_spent,game_state
event,timestamp,player,game,run_id,highest_tile,moves_count,time_spent,game_state
event,timestamp,player,game,run_id,highest_tile,moves_count,time_spent,game_state
event,timestamp,player,game,run_id,highest_tile,moves_count,time_spent,game_state
event,timestamp,player,game,run_id,highest_tile,moves_count,time_spent,game_state
event,timestamp,player,game,run_id,highest_tile,moves_count,time_spent,game_state
event,timestamp,player,game,run_id,highest_tile,moves_count,time_spent,game_state
event,timestamp,player,game,run_id,highest_tile,moves_count,time_spent,game_state
event,timestamp,player,game,run_id,highest_tile,moves_count,time_spent,game_state
event,timestamp,player,game,run_id,highest_tile,moves_count,time_spent,game_state
event,timestamp,player,game,run_id,highest_tile,moves_count,time_spent,game_state
event,timestamp,player,game,run_id,highest_tile,moves_count,time_spent,game_state
event,timestamp,player,game,run_id,highest_tile,moves_count,time_spent,game_state
event,timestamp,player,game,run_id,highest_tile,moves_count,time_spent,game_state
event,timestamp,player,game,run_id,highest_tile,moves_count,time_spent,game_state
event,timestamp,player,game,run_id,highest_tile,moves_count,time_spent,game_state
event,timestamp,player,game,run_id,highest_tile,moves_count,time_spent,game_state
event,timestamp,player,game,run_id,highest_tile,moves_count,time_spent,game_state
event,timestamp,player,game,run_id,highest_tile,moves_count,time_spent,game_state
event,timestamp,player,game,run_id,highest_tile,moves_count,time_spent,game_state
event,timestamp,player,game,run_id,highest_tile,moves_count,time_spent,game_state
event,timestamp,player,game,run_id,highest_tile,moves_count,time_spent,game_state
event,timestamp,player,game,run_id,highest_tile,moves_count,time_spent,game_state
event,timestamp,player,game,run_id,highest_tile,moves_count,time_spent,game_state
event,timestamp,player,game,run_id,highest_tile,moves_count,time_spent,game_state
event,timestamp,player,game,run_id,highest_tile,moves_count,time_spent,game_state
event,timestamp,player,game,run_id,highest_tile,moves_count,time_spent,game_state
event,timestamp,player,game,run_id,highest_tile,moves_count,time_spent,game_state
event,timestamp,player,game,run_id,highest_tile,moves_count,time_spent,game_state
event,timestamp,player,game,run_id,highest_tile,moves_count,time_spent,game_state
event,timestamp,player,game,run_id,highest_tile,moves_count,time_spent,game_state
event,timestamp,player,game,run_id,highest_tile,moves_count,time_spent,game_state
event,timestamp,player,game,run_id,highest_tile,moves_count,time_spent,game_state
event,timestamp,player,game,run_id,highest_tile,moves_count,time_spent,game_state
event,timestamp,player,game,run_id,highest_tile,moves_count,time_spent,game_state
event,timestamp,player,game,run_id,highest_tile,moves_count,time_spent,game_state
event,timestamp,player,game,run_id,highest_tile,moves_count,time_spent,game_state
event,timestamp,player,game,run_id,highest_tile,moves_count,time_spent,game_state
event,timestamp,player,game,run_id,highest_tile,moves_count,time_spent,game_state
event,timestamp,player,game,run_id,highest_tile,moves_count,time_spent,game_state
event,timestamp,player,game,run_id,highest_tile,moves_count,time_spent,game_state
event,timestamp,player,game,run_id,highest_tile,moves_count,time_spent,game_state
event,timestamp,player,game,run_id,highest_tile,moves_count,time_spent,game_state
event,timestamp,player,game,run_id,highest_tile,moves_count,time_spent,game_state
event,timestamp,player,game,run_id,highest_tile,moves_count,time_spent,game_state
event,timestamp,player,game,run_id,highest_tile,moves_count,time_spent,game_state
event,timestamp,player,game,run_id,highest_tile,moves_count,time_spent,game_state
event,timestamp,player,game,run_id,highest_tile,moves_count,time_spent,game_state
event,timestamp,player,game,run_id,highest_tile,moves_count,time_spent,game_state
event,timestamp,player,game,run_id,highest_tile,moves_count,time_spent,game_state
event,timestamp,player,game,run_id,highest_tile,moves_count,time_spent,game_state
event,timestamp,player,game,run_id,highest_tile,moves_count,time_spent,game_state
event,timestamp,player,game,run_id,highest_tile,moves_count,time_spent,game_state
event,timestamp,player,game,run_id,highest_tile,moves_count,time_spent,game_state
event,timestamp,player,game,run_id,highest_tile,moves_count,time_spent,game_state
event,timestamp,player,game,run_id,highest_tile,moves_count,time_spent,game_state
event,timestamp,player,game,run_id,highest_tile,moves_count,time_spent,game_state
event,timestamp,player,game,run_id,highest_tile,moves_count,time_spent,game_state
event,timestamp,player,game,run_id,highest_tile,moves_count,time_spent,game_state
event,timestamp,player,game,run_id,highest_tile,moves_count,time_spent,game_state
event,timestamp,player,game,run_id,highest_tile,moves_count,time_spent,game_state
event,timestamp,player,game,run_id,highest_tile,moves_count,time_spent,game_state
event,timestamp,player,game,run_id,highest_tile,moves_count,time_spent,game_state
event,timestamp,player,game,run_id,highest_tile,moves_count,time_spent,game_state
event,timestamp,player,game,run_id,highest_tile,moves_count,time_spent,game_state
event,timestamp,player,game,run_id,highest_tile,moves_count,time_spent,game_state
event,timestamp,player,game,run_id,highest_tile,moves_count,time_spent,game_state
event,timestamp,player,game,run_id,highest_tile,moves_count,time_spent,game_state
event,timestamp,player,game,run_id,highest_tile,moves_count,time_spent,game_state
event,timestamp,player,game,run_id,highest_tile,moves_count,time_spent,game_state
event,timestamp,player,game,run_id,highest_tile,moves_count,time_spent,game_state
